{"cameraMode":{"drawMode":0,"name":"Shaded","section":"Shading Mode"},"sceneLighting":false,"audioPlay":false,"sceneViewState":{"showFog":true,"showMaterialUpdate":false,"showSkybox":false,"showFlares":true,"showImageEffects":true,"showParticleSystems":true},"in2DMode":false,"pivot":{"x":0.16899146139621736,"y":-0.15482255816459657,"z":2.061986207962036},"rotation":{"x":0.022794540971517564,"y":-0.03567199781537056,"z":0.0008226690115407109,"w":0.9991285800933838},"size":1.457363486289978,"orthographic":false}