{"cameraMode":{"drawMode":0,"name":"Shaded","section":"Shading Mode"},"sceneLighting":false,"audioPlay":true,"sceneViewState":{"showFog":true,"showMaterialUpdate":false,"showSkybox":false,"showFlares":true,"showImageEffects":true,"showParticleSystems":true},"in2DMode":false,"pivot":{"x":13.785840034484864,"y":4.250600337982178,"z":25.66600227355957},"rotation":{"x":-0.027384882792830468,"y":0.9678497910499573,"z":-0.21877902746200562,"w":-0.12113717198371887},"size":10.0,"orthographic":false}