{"cameraMode":{"drawMode":0,"name":"Shaded","section":"Shading Mode"},"sceneLighting":false,"audioPlay":false,"sceneViewState":{"showFog":true,"showMaterialUpdate":false,"showSkybox":false,"showFlares":true,"showImageEffects":true,"showParticleSystems":true},"in2DMode":false,"pivot":{"x":0.44504353404045107,"y":0.63518887758255,"z":1.937207818031311},"rotation":{"x":-0.11309891939163208,"y":0.07772765308618546,"z":0.008884203620254994,"w":0.9905240535736084},"size":1.457363486289978,"orthographic":false}