{"cameraMode":{"drawMode":0,"name":"Shaded","section":"Shading Mode"},"sceneLighting":true,"audioPlay":false,"sceneViewState":{"showFog":true,"showMaterialUpdate":false,"showSkybox":true,"showFlares":true,"showImageEffects":true,"showParticleSystems":true},"in2DMode":false,"pivot":{"x":2.92529559135437,"y":0.5079185366630554,"z":0.8578832149505615},"rotation":{"x":-0.038549818098545077,"y":0.791339099407196,"z":-0.05016636103391647,"w":-0.6080970168113709},"size":0.5214322805404663,"orthographic":false}