{"cameraMode":{"drawMode":0,"name":"Shaded","section":"Shading Mode"},"sceneLighting":false,"audioPlay":false,"sceneViewState":{"showFog":true,"showMaterialUpdate":false,"showSkybox":false,"showFlares":true,"showImageEffects":true,"showParticleSystems":true},"in2DMode":false,"pivot":{"x":-0.4952881336212158,"y":1.7088954448699952,"z":0.0012679845094680787},"rotation":{"x":0.4442179501056671,"y":0.04435625672340393,"z":-0.021238310262560846,"w":0.8947024345397949},"size":2.062101125717163,"orthographic":false}