{"cameraMode":{"drawMode":0,"name":"Shaded","section":"Shading Mode"},"sceneLighting":false,"audioPlay":false,"sceneViewState":{"showFog":true,"showMaterialUpdate":false,"showSkybox":false,"showFlares":true,"showImageEffects":true,"showParticleSystems":true},"in2DMode":false,"pivot":{"x":-0.6049896478652954,"y":1.197822093963623,"z":-2.0336148738861086},"rotation":{"x":-0.000082593054685276,"y":-0.9998235702514648,"z":-0.0071948617696762089,"w":-0.020320553332567216},"size":2.0913925170898439,"orthographic":false}