{"cameraMode":{"drawMode":0,"name":"Shaded","section":"Shading Mode"},"sceneLighting":false,"audioPlay":false,"sceneViewState":{"showFog":true,"showMaterialUpdate":false,"showSkybox":false,"showFlares":true,"showImageEffects":true,"showParticleSystems":true},"in2DMode":false,"pivot":{"x":-32.76972961425781,"y":1.246759057044983,"z":16.376018524169923},"rotation":{"x":0.06801080703735352,"y":-0.6234549283981323,"z":0.05457797646522522,"w":0.7770112156867981},"size":0.8660253882408142,"orthographic":false}