{"cameraMode":{"drawMode":0,"name":"Shaded","section":"Shading Mode"},"sceneLighting":true,"audioPlay":false,"sceneViewState":{"showFog":true,"showMaterialUpdate":false,"showSkybox":true,"showFlares":true,"showImageEffects":true,"showParticleSystems":true},"in2DMode":false,"pivot":{"x":13.482478141784668,"y":11.797660827636719,"z":1.1016902923583985},"rotation":{"x":0.1580468863248825,"y":-0.839327335357666,"z":0.33075833320617678,"w":0.40156328678131106},"size":0.604309618473053,"orthographic":false}