{"cameraMode":{"drawMode":0,"name":"Shaded","section":"Shading Mode"},"sceneLighting":true,"audioPlay":false,"sceneViewState":{"showFog":true,"showMaterialUpdate":false,"showSkybox":true,"showFlares":true,"showImageEffects":true,"showParticleSystems":true},"in2DMode":false,"pivot":{"x":7.401894569396973,"y":-2.5703444480895998,"z":0.6367384195327759},"rotation":{"x":-0.01154159102588892,"y":0.9812910556793213,"z":-0.1819222867488861,"w":-0.06223030015826225},"size":11.049657821655274,"orthographic":false}