{"cameraMode":{"drawMode":0,"name":"Shaded","section":"Shading Mode"},"sceneLighting":false,"audioPlay":false,"sceneViewState":{"showFog":true,"showMaterialUpdate":false,"showSkybox":false,"showFlares":true,"showImageEffects":true,"showParticleSystems":true},"in2DMode":false,"pivot":{"x":-0.07276296615600586,"y":1.2479923963546754,"z":-0.19056200981140138},"rotation":{"x":0.06286779046058655,"y":-0.7969992756843567,"z":0.0842433050274849,"w":0.5947741270065308},"size":1.2247449159622193,"orthographic":false}