{"cameraMode":{"drawMode":0,"name":"Shaded","section":"Shading Mode"},"sceneLighting":false,"audioPlay":false,"sceneViewState":{"showFog":true,"showMaterialUpdate":false,"showSkybox":false,"showFlares":true,"showImageEffects":true,"showParticleSystems":true},"in2DMode":false,"pivot":{"x":0.7512749433517456,"y":-0.48028308153152468,"z":1.840079665184021},"rotation":{"x":0.1333414912223816,"y":0.03300990164279938,"z":-0.0044350214302539829,"w":0.9905354976654053},"size":1.457363486289978,"orthographic":false}